Name,Address,Area,Number
Leyenda,"221 Smith St, Brooklyn, NY 11201",Carroll Gardens,347.987.3260
Angel's Share,"8 Stuyvesant St, New York, NY 10003",East Village,212.777.5415
Attaboy,"134 Eldridge St, New York City, NY 10002",Lower East Side,
Clover Club," 210 Smith St, New York, NY 11201",Brooklyn,718.855.7939
Dutch Kills," 27-24 Jackson Ave, Long Island City, NY 11101",Queens,718.383.2724
Mace," 649 E 9th St, New York, NY 10009",East Village, 212.673.1190
Bar Goto,"245 Eldridge St, New York, NY 10002",Lower East Side,212.475.4411
Mother of Pearl,"95 Avenue A, New York, NY 10009",Alphabet City,212.614.6818
Amor y Amargo,"443 E 6th St, New York, NY 10009",East Village,212.614.6818
Dear Irving,"55 Irving Pl, New York, NY 10003",Gramercy,
Grand Army,"336 State St, Brooklyn, NY 11217",Brooklyn,718.422.7867
Employees Only,"510 Hudson St, New York, NY 10014",Manhattan,212.242.3021
Bathtub Gin,"132 9th Ave, New York, NY 10011",Manhattan,646.559.1671